Nemotecnico,fecha,Cantidad,Volumen,PrecioCierre,PrecioMayor,PrecioMedio,PrecioMenor,Variacion,VariacionAbsoluta
ENKA,2008-08-14,28174,29998,5303,5370,37093,5355,-056,5
ENKA,2008-08-15,28174,30271,5306,5373,37103,5368,034,463
ENKA,2008-08-19,17773,18346,5305,5374,37106,5370,-011,1
ENKA,2008-08-20,30782,33282,5312,5378,37110,5369,078,467
ENKA,2008-08-21,18874,19846,5303,5624,37111,5369,-1,9
ENKA,2008-08-22,20438,21501,5554,5626,37103,5366,135,472
ENKA,2008-08-25,13853,13733,5303,5375,37106,5369,-133,12
ENKA,2008-08-26,32823,35405,5311,5377,37104,5366,09,468
ENKA,2008-08-27,37507,40418,5311,5377,37100,5364,0,460
ENKA,2008-08-28,14471,14559,5553,5624,37112,5376,022,462
ENKA,2008-08-29,7931,6883,5565,5642,38825,5369,167,475
ENKA,2008-09-01,38213,41759,5558,5653,38833,5623,-098,9
ENKA,2008-09-02,17920,18695,5310,5629,37112,5372,-099,9
ENKA,2008-09-03,1917,53709,5312,5624,37112,5377,022,462
ENKA,2008-09-04,34970,38270,5563,5636,38834,5625,156,474
ENKA,2008-09-05,1,1,5563,1,1,1,0,460
ENKA,2008-09-08,3428,1451,5553,5624,37110,5370,-142,13
ENKA,2008-09-09,26690,28841,5553,5624,38823,5376,0,460
ENKA,2008-09-10,39709,43234,5556,5628,38826,5618,044,464
ENKA,2008-09-11,32136,34996,5553,5637,38827,5371,-044,4
ENKA,2008-09-12,6010,4672,5553,5632,38828,5618,0,460
ENKA,2008-09-15,14347,14211,5302,5376,37103,5367,-133,12
ENKA,2008-09-16,25031,26035,5285,5362,37080,5345,-293,26
ENKA,2008-09-17,47338,50456,5284,5350,37074,5344,-023,2
ENKA,2008-09-18,1,1,5284,1,1,1,0,460
ENKA,2008-09-19,8,50882,5291,5359,37089,5355,186,476
ENKA,2008-09-22,11598,10382,5290,5356,37084,5345,-068,6
ENKA,2008-09-23,38148,40456,5284,5352,37076,5344,-115,10
ENKA,2008-09-24,11028,8094,5248,5314,37031,5303,-5,43
ENKA,2008-09-25,42687,44990,5277,5343,37065,5336,404,493
ENKA,2008-09-26,1,1,5277,1,1,1,0,460
ENKA,2008-09-29,1,1,5277,1,1,1,0,460
ENKA,2008-09-30,25360,26885,5553,5624,37096,5359,588,508
ENKA,2008-10-01,20746,21553,5294,5362,37092,5359,-233,21
ENKA,2008-10-02,28173,28864,5270,5334,37056,5330,-444,39
ENKA,2008-10-03,1,1,5270,1,1,1,0,460
ENKA,2008-10-06,1,1,5270,1,1,1,0,460
ENKA,2008-10-07,1,1,5270,1,1,1,0,460
ENKA,2008-10-08,31953,33416,5270,5345,37068,5339,0,460
ENKA,2008-10-09,1,1,5270,1,1,1,0,460
ENKA,2008-10-10,33635,32665,5270,5334,35035,4990,0,460
ENKA,2008-10-14,13852,9891,4918,4970,35032,4990,-10,67
ENKA,2008-10-15,1,1,4918,1,1,1,0,460
ENKA,2008-10-16,1,1,4918,1,1,1,0,460
ENKA,2008-10-17,28174,24580,4866,4919,34977,4939,-741,54
ENKA,2008-10-20,29108,24353,4398,4495,32802,4443,-714,50
ENKA,2008-10-21,15784,10219,4441,4501,32837,4480,754,507
ENKA,2008-10-22,1,1,4441,1,1,1,0,460
ENKA,2008-10-23,11840,2999,4382,4442,32769,4432,-987,62
ENKA,2008-10-24,8458,50487,3833,3898,30199,3895,-984,59
ENKA,2008-10-27,34765,25282,3815,3882,30160,3846,-317,18
ENKA,2008-10-28,1,1,3815,1,1,1,0,460
ENKA,2008-10-29,37624,29687,3825,3891,30186,3878,182,470
ENKA,2008-10-30,20938,11094,3817,3909,30194,3880,-143,8
ENKA,2008-10-31,4544,46683,3851,3918,30215,3878,688,498
ENKA,2008-11-04,21289,12991,4356,4417,32741,4405,169,470
ENKA,2008-11-05,31941,25167,4356,4417,32741,4405,0,460
ENKA,2008-11-06,1,1,4356,1,1,1,0,460
ENKA,2008-11-07,10778,53301,3835,3900,30202,3898,-5,30
ENKA,2008-11-10,7181,48432,3817,3886,30185,3880,-316,18
ENKA,2008-11-11,22134,11983,3815,3882,30182,3878,-036,2
ENKA,2008-11-12,10010,49965,3788,3855,30148,3839,-545,30
ENKA,2008-11-13,8,40301,3815,3882,30182,3877,577,490
ENKA,2008-11-14,1,1,3815,1,1,1,0,460
ENKA,2008-11-18,39966,29878,3774,3844,30139,3839,-909,50
ENKA,2008-11-19,30863,17371,3177,3233,27115,3215,-9,45
ENKA,2008-11-20,7765,42642,3146,3229,27082,3184,-967,44
ENKA,2008-11-21,43341,29700,3136,3229,27091,2217,-268,11
ENKA,2008-11-24,22625,4916,3136,3191,27070,3176,0,460
ENKA,2008-11-25,1,1,3136,1,1,1,0,460
ENKA,2008-11-26,20315,2279,3136,3198,27069,2238,0,460
ENKA,2008-11-27,20230,3085,3156,3214,27084,3176,525,481
ENKA,2008-11-28,41705,29327,3178,3230,27109,3210,831,495
ENKA,2008-12-01,2445,38609,3176,3228,27112,3214,-044,2
ENKA,2008-12-02,29644,18061,3201,3255,27141,3217,991,504
ENKA,2008-12-03,29667,19024,3788,3864,30152,3839,421,481
ENKA,2008-12-04,11221,52107,3795,3865,30162,3855,192,470
ENKA,2008-12-05,8751,48861,3788,3856,30154,3852,-189,10
ENKA,2008-12-09,39155,30886,3820,3886,30175,3855,673,495
ENKA,2008-12-10,11841,53128,3795,3873,30168,3860,-45,25
ENKA,2008-12-11,1,1,3795,1,1,1,0,460
ENKA,2008-12-12,43904,33645,3197,3249,27135,3233,-774,41
ENKA,2008-12-15,1,1,3197,1,1,1,0,460
ENKA,2008-12-16,1,1,3197,1,1,1,0,460
ENKA,2008-12-17,22135,9696,3774,3844,30139,3839,225,471
ENKA,2008-12-18,9207,48445,3774,3844,30139,3839,0,460
ENKA,2008-12-19,38391,27981,3201,3844,27141,3237,-02,1
ENKA,2008-12-22,40293,29753,3194,3844,27136,3231,-261,13
ENKA,2008-12-23,28966,17150,3196,3844,27140,3233,041,462
ENKA,2008-12-24,20746,7024,3191,3243,27132,3227,-164,8
ENKA,2008-12-26,1,1,3191,1,1,1,0,460
ENKA,2008-12-29,1,1,3191,1,1,1,0,460
ENKA,2008-12-30,12193,51403,3787,3854,27135,3230,813,499
ENKA,2009-01-02,1,1,3787,1,1,1,0,460
ENKA,2009-01-05,26249,15136,3787,3854,30153,3851,0,460
ENKA,2009-01-06,14783,1126,3775,3845,30141,3840,-328,17
ENKA,2009-01-07,1,1,3775,1,1,1,0,460
ENKA,2009-01-08,27032,15121,3774,3844,30139,3839,-04,2
ENKA,2009-01-09,9,38057,3774,3844,30139,3839,0,460
ENKA,2009-06-12,11651,10466,5290,5356,37085,5352,357,490
ENKA,2009-06-16,32822,33798,5290,1,37046,1,0,460
ENKA,2009-06-17,1,1,5290,1,1,1,0,460
ENKA,2009-06-18,1615,51420,5290,1,37044,1,0,460
ENKA,2009-06-19,5021,1340,5290,1,37042,1,0,460
ENKA,2009-06-23,3569,274,5266,5349,37064,5326,-402,35
ENKA,2009-06-24,39118,41196,5290,5356,37066,5352,419,495
ENKA,2009-06-25,1,1,5290,1,1,1,0,460
ENKA,2009-06-26,19520,19252,5277,5343,37065,5336,-23,20
ENKA,2009-06-30,39115,40979,5277,1,37058,1,0,460
ENKA,2009-07-01,18369,18387,5291,5359,37083,5346,306,486
ENKA,2009-07-02,2586,53687,5291,1,37084,1,0,460
ENKA,2009-07-03,8020,6082,5291,1,37084,1,0,460
ENKA,2009-07-06,17685,17523,5290,5356,37083,5352,-068,6
ENKA,2009-07-07,14699,13632,5280,5346,37068,5339,-195,17
ENKA,2009-07-08,30564,32220,5280,5356,37078,5339,0,460
ENKA,2009-07-09,33522,35230,5280,5345,37067,5339,0,460
ENKA,2009-07-10,40491,42636,5284,5350,37064,5344,082,467
ENKA,2009-07-13,38703,40921,5284,5350,37072,5344,0,460
ENKA,2009-07-14,11371,9914,5284,5354,37077,5344,0,460
ENKA,2009-07-15,1,1,5284,1,1,1,0,460
ENKA,2009-07-16,16525,16160,5295,5363,37086,5350,233,480
ENKA,2009-07-17,39672,42486,5290,5363,37090,5352,-114,10
ENKA,2009-07-21,13853,13157,5290,5356,37084,5352,0,460
ENKA,2009-07-22,31213,33084,5281,5365,37085,5340,-172,15
ENKA,2009-07-23,24656,24532,5259,5324,37042,5312,-316,27
ENKA,2009-07-24,44839,46883,5270,5334,37050,5330,145,472
ENKA,2009-07-27,1,1,5270,1,1,1,0,460
ENKA,2009-07-28,6829,3597,5270,1,37046,1,0,460
ENKA,2009-07-29,39027,40534,5261,5326,37046,5321,-119,10
ENKA,2009-07-30,5479,2022,5261,1,37046,1,0,460
ENKA,2009-07-31,16641,14883,5253,5318,37038,5314,-096,8
ENKA,2009-08-03,35583,36603,5256,5321,37041,5317,036,463
ENKA,2009-08-04,42689,44446,5261,5326,37046,5321,061,465
ENKA,2009-08-05,40288,41164,5261,1,37020,1,0,460
ENKA,2009-08-06,43009,44210,5261,1,37026,1,0,460
ENKA,2009-08-10,2366,52262,5267,5331,37042,5312,084,467
ENKA,2009-08-11,1,1,5267,1,1,1,0,460
ENKA,2009-08-12,21376,20052,5267,1,37016,1,0,460
ENKA,2009-08-13,34802,35224,5241,5307,37019,5297,-323,27
ENKA,2009-08-14,17608,15064,5241,1,35061,1,0,460
ENKA,2009-08-18,1,1,5241,1,1,1,0,460
ENKA,2009-08-19,36675,36583,4953,5004,35057,4999,-136,11
ENKA,2009-08-20,41459,42447,4953,1,37022,1,0,460
ENKA,2009-08-21,1,1,4953,1,1,1,0,460
ENKA,2009-08-24,18444,15479,4953,1,35045,1,0,460
ENKA,2009-08-25,8345,2687,4902,4954,35018,4975,-738,56
ENKA,2009-08-26,31330,29506,4902,4954,35017,4975,0,460
ENKA,2009-08-27,14365,9791,4902,1,35012,1,0,460
ENKA,2009-08-28,8196,2179,4902,1,35007,1,0,460
ENKA,2009-08-31,17622,12729,4902,1,34987,1,0,460
ENKA,2009-09-01,5095,52134,4902,1,34995,1,0,460
ENKA,2009-09-02,1,1,4902,1,1,1,0,460
ENKA,2009-09-03,30429,27585,4875,4927,34991,4948,-405,30
ENKA,2009-09-04,36636,34730,4875,1,34998,1,0,460
ENKA,2009-09-07,1,1,4875,1,1,1,0,460
ENKA,2009-09-08,675,47093,4885,4937,34996,4953,141,470
ENKA,2009-09-09,30372,27882,4890,4942,35002,4962,069,465
ENKA,2009-09-10,22135,18332,4885,4937,34997,4957,-069,5
ENKA,2009-09-11,20747,16786,4885,1,35002,1,0,460
ENKA,2009-09-14,520,47548,4885,1,35016,1,0,460
ENKA,2009-09-15,654,46901,4877,4931,34991,4950,-111,8
ENKA,2009-09-16,13917,8834,4885,4942,34999,4957,112,468
ENKA,2009-09-17,5852,53360,4886,4953,35007,4958,014,461
ENKA,2009-09-18,1,1,4886,1,1,1,0,460
ENKA,2009-09-21,35583,33237,4876,4928,34988,4949,-139,10
ENKA,2009-09-22,21161,17260,4876,1,35001,1,0,460
ENKA,2009-09-23,34409,31890,4875,4927,34985,4948,-014,1
ENKA,2009-09-24,1,1,4875,1,1,1,0,460
ENKA,2009-09-25,1,1,4875,1,1,1,0,460
ENKA,2009-09-28,28173,24601,4875,1,34978,1,0,460
ENKA,2009-09-29,9904,3540,4875,1,34987,1,0,460
ENKA,2009-09-30,16497,11742,4885,4937,34997,4957,141,470
ENKA,2009-10-01,21091,17054,4885,4937,34997,4957,0,460
ENKA,2009-10-02,3694,50262,4885,1,34987,1,0,460
ENKA,2009-10-05,10797,4531,4885,1,34986,1,0,460
ENKA,2009-10-06,27516,25240,4902,4964,35022,4975,278,480
ENKA,2009-10-07,27313,25043,4912,4964,35022,4975,135,470
ENKA,2009-10-08,42975,42223,4885,4969,35021,4957,-4,30
ENKA,2009-10-09,38390,35872,4885,1,34977,1,0,460
ENKA,2009-10-13,29495,25801,4435,4927,32831,4480,-389,28
ENKA,2009-10-14,1,1,4435,1,1,1,0,460
ENKA,2009-10-15,42315,40154,4435,1,34977,1,0,460
ENKA,2009-10-16,1,1,4435,1,1,1,0,460
ENKA,2009-10-19,36425,33867,4441,4501,34979,4487,101,467
ENKA,2009-10-20,33318,30421,4441,4501,32837,4487,0,460
ENKA,2009-10-21,9,45153,4424,4485,32818,4470,-272,19
ENKA,2009-10-22,4814,50779,4433,4495,32827,4480,147,470
ENKA,2009-10-23,12204,5203,4433,1,32818,1,0,460
ENKA,2009-10-26,25935,21515,4424,4485,32821,4470,-145,10
ENKA,2009-10-27,41763,38578,4424,1,32810,1,0,460
ENKA,2009-10-28,4461,49972,4424,1,32813,1,0,460
ENKA,2009-10-29,19553,13764,4424,1,32815,1,0,460
ENKA,2009-10-30,19539,14030,4429,4490,32823,4475,074,465
ENKA,2009-11-03,42857,39473,4429,1,32800,1,0,460
ENKA,2009-11-04,11083,3671,4429,1,32812,1,0,460
ENKA,2009-11-05,6258,53032,4870,4922,34982,4943,292,480
ENKA,2009-11-06,1,1,4870,1,1,1,0,460
ENKA,2009-11-09,15802,7006,4369,4485,32750,4406,-1277,70
ENKA,2009-11-10,40273,35020,4369,4434,32755,4418,0,460
ENKA,2009-11-11,10657,1419,4369,1,32765,1,0,460
ENKA,2009-11-12,1132,44365,4377,4436,32761,4426,13,468
ENKA,2009-11-13,10025,675,4382,4442,32765,4422,112,467
ENKA,2009-11-17,31378,25960,4389,4450,32777,4435,127,468
ENKA,2009-11-18,58,44004,4393,4456,32784,4440,11,467
ENKA,2009-11-19,21553,15022,4397,4459,32786,4440,062,464
ENKA,2009-11-20,11931,3803,4397,4459,32787,4441,0,460
ENKA,2009-11-23,43191,39377,4397,4459,32788,4442,0,460
ENKA,2009-11-24,13498,5627,4401,4462,32785,4432,077,465
ENKA,2009-11-25,40463,36615,4404,4466,32795,4446,076,465
ENKA,2009-11-26,39630,35563,4398,4460,32790,4443,-137,9
ENKA,2009-11-27,4623,49349,4401,4462,32791,4443,062,464
ENKA,2009-11-30,24468,17435,4376,4435,32761,4425,-489,32
ENKA,2009-12-01,1,1,4376,1,1,1,0,460
ENKA,2009-12-02,41961,37604,4390,4452,32780,4438,289,478
ENKA,2009-12-03,22304,15639,4391,4453,32780,4439,016,461
ENKA,2009-12-04,35638,31082,4393,4456,32784,4440,062,464
ENKA,2009-12-07,1,1,4393,1,1,1,0,460
ENKA,2009-12-09,32840,27903,4393,4456,32783,4440,0,460
ENKA,2009-12-10,45203,41552,4394,4457,32785,4440,016,461
ENKA,2009-12-11,38830,34483,4394,1,32784,1,0,460
ENKA,2009-12-14,2565,46886,4398,4460,32788,4443,062,464
ENKA,2009-12-15,14835,7456,4402,4465,32794,4446,108,467
ENKA,2009-12-16,24364,18900,4414,4476,32801,4448,198,473
ENKA,2009-12-17,13137,6180,4424,4485,32813,4465,149,470
ENKA,2009-12-18,45481,43048,4423,4484,32816,4469,-015,1
ENKA,2009-12-21,40015,36559,4423,1,32807,1,0,460
ENKA,2009-12-22,42598,39217,4406,4468,32801,4452,-265,18
ENKA,2009-12-23,5392,51150,4422,4483,32816,4468,257,477
ENKA,2009-12-24,45189,43782,4880,4937,34988,4487,546,497
ENKA,2009-12-28,17795,13225,4875,4954,34998,4948,-07,5
ENKA,2009-12-29,26652,23415,4875,4934,34991,4948,0,460
ENKA,2009-12-30,14219,8405,4866,4918,32837,4939,-141,10
ENKA,2010-01-04,33471,30959,4885,4937,34986,4939,286,480
ENKA,2010-01-05,32946,30472,4875,4935,34990,4948,-139,10
ENKA,2010-01-06,19769,16906,5234,5297,35039,4957,1268,531
ENKA,2010-01-07,7729,4870,5258,5339,37053,5300,338,487
ENKA,2010-01-08,46382,48740,5271,5336,37053,5319,169,474
ENKA,2010-01-12,22388,22396,5270,5334,37055,5330,-012,1
ENKA,2010-01-13,889,50460,5249,5336,37040,5302,-262,22
ENKA,2010-01-14,41449,42600,5238,5320,37027,5298,-159,13
ENKA,2010-01-15,45639,47838,5270,5334,37049,5318,435,495
ENKA,2010-01-18,33128,34605,5263,5346,37060,5323,-095,8
ENKA,2010-01-19,43775,45701,5263,5328,37048,5323,0,460
ENKA,2010-01-20,37113,38031,5261,5328,37033,5298,-024,2
ENKA,2010-01-21,29367,29340,5238,5326,37024,5297,-301,25
ENKA,2010-01-22,41297,41855,4945,4997,35066,5013,-186,15
ENKA,2010-01-25,23835,22173,4945,1,35051,1,0,460
ENKA,2010-01-26,16783,13794,4938,4990,35052,5008,-127,10
ENKA,2010-01-27,34445,34157,4938,1,35054,1,0,460
ENKA,2010-01-28,30253,30487,5238,5326,37028,5300,321,485
ENKA,2010-01-29,23564,22992,5238,5321,37031,5300,0,460
ENKA,2010-02-01,22970,22019,5238,1,37020,1,0,460
ENKA,2010-02-02,22974,22205,5241,5307,37026,5302,062,465
ENKA,2010-02-03,16507,14162,5234,5301,37017,5297,-123,10
ENKA,2010-02-04,24335,23205,4945,5297,35065,5013,-125,10
ENKA,2010-02-05,2424,51317,4945,1,35064,1,0,460
ENKA,2010-02-08,1,1,4945,1,1,1,0,460
ENKA,2010-02-09,13008,10077,5234,5297,35070,5014,127,470
ENKA,2010-02-10,4633,73,5234,5297,35072,5017,0,460
ENKA,2010-02-11,8122,4404,5241,5307,37022,5297,125,470
ENKA,2010-02-12,31689,31740,5246,5312,37018,5297,062,465
ENKA,2010-02-15,23694,23227,5251,5316,37034,5309,061,465
ENKA,2010-02-16,32182,33403,5270,5343,37058,5321,244,480
ENKA,2010-02-17,25715,26312,5271,5343,37063,5331,012,461
ENKA,2010-02-18,3110,52328,5234,5298,37016,5297,-488,41
ENKA,2010-02-19,4603,54051,4951,5002,35070,5019,-038,3
ENKA,2010-02-22,16047,13613,4953,5004,35071,5021,025,462
ENKA,2010-02-23,15816,13410,4953,5302,37017,5021,0,460
ENKA,2010-02-24,20387,18840,4952,5302,37017,5020,-013,1
ENKA,2010-02-25,9,48686,4950,5001,35069,5018,-025,2
ENKA,2010-02-26,37155,37557,5234,5297,37016,5297,05,464
ENKA,2010-03-01,4346,264,5251,5316,37031,5302,25,480
ENKA,2010-03-02,30170,30791,5261,5326,37042,5313,122,470
ENKA,2010-03-03,35856,38635,5562,5635,37100,5325,988,526
ENKA,2010-03-04,16824,18392,5569,5677,38861,5634,088,468
ENKA,2010-03-05,36783,40559,5553,5649,38845,5618,-217,20
ENKA,2010-03-08,11236,10300,5294,5370,37095,5359,-233,21
ENKA,2010-03-09,21252,21964,5294,5362,37085,5346,0,460
ENKA,2010-03-10,33615,36390,5298,5624,37109,5362,046,464
ENKA,2010-03-11,44562,47621,5284,5363,37087,5344,-26,23
ENKA,2010-03-12,27092,29078,5553,5629,37104,5347,465,500
ENKA,2010-03-15,34820,36616,5290,5356,37071,5337,-333,30
ENKA,2010-03-16,7930,6804,5553,5624,37112,5618,345,490
ENKA,2010-03-17,32028,34903,5563,5638,38828,5618,144,473
ENKA,2010-03-18,36793,40417,5561,5646,38839,5626,-033,3
ENKA,2010-03-19,12293,12263,5561,5633,38832,5626,0,460
ENKA,2010-03-23,5817,4341,5561,1,38824,1,0,460
ENKA,2010-03-24,35522,38524,5559,5631,37110,5624,-033,3
ENKA,2010-03-25,1,1,5559,1,1,1,0,460
ENKA,2010-03-26,15271,15536,5555,5629,38825,5377,-044,4
ENKA,2010-03-29,46733,50873,5553,5627,38825,5618,-033,3
ENKA,2010-03-30,19120,20283,5553,5629,38825,5618,0,460
ENKA,2010-03-31,25359,27357,5553,1,38823,1,0,460
ENKA,2010-04-05,23567,25280,5553,5624,38823,5618,0,460
ENKA,2010-04-06,38823,42877,5583,5654,38851,5638,389,495
ENKA,2010-04-07,15963,16979,5574,5654,38846,5630,-107,10
ENKA,2010-04-08,16918,17986,5569,5642,38842,5630,-054,5
ENKA,2010-04-09,18101,20224,5597,5676,38869,5635,326,490
ENKA,2010-09-08,10275,21195,547,566,6206,556,-138,20
ENKA,2010-09-09,11640,22380,546,563,6187,553,-07,10
ENKA,2010-09-10,20340,31852,451,559,4800,460,-211,30
ENKA,2010-09-13,8562,18297,546,560,6175,553,216,490
ENKA,2010-09-14,3571,12226,451,559,6162,463,-211,30
ENKA,2010-09-15,30018,42396,449,557,4795,461,-144,20
ENKA,2010-09-16,25945,37487,447,462,4780,459,-146,20
ENKA,2010-09-17,7659,16434,543,557,4788,458,37,508
ENKA,2010-09-20,6056,14970,451,557,4811,463,-071,10
ENKA,2010-09-21,2562,11285,451,560,6176,463,0,460
ENKA,2010-09-22,12375,22008,447,557,4781,458,-288,40
ENKA,2010-09-23,2905,10778,447,464,4785,457,0,460
ENKA,2010-09-24,14942,25447,449,557,4797,460,148,480
ENKA,2010-09-27,14921,25481,450,557,4800,462,073,470
ENKA,2010-09-28,43624,3582,451,557,4810,463,072,470
ENKA,2010-09-29,46870,7342,451,558,4809,463,0,460
ENKA,2010-09-30,510,8478,450,558,4807,462,-072,10
ENKA,2010-10-01,26944,38942,449,463,4792,461,-072,10
ENKA,2010-10-04,27925,39782,448,461,4784,460,-073,10
ENKA,2010-10-05,14729,25709,451,560,6172,463,221,490
ENKA,2010-10-06,17637,29121,543,560,6173,553,072,470
ENKA,2010-10-07,31584,44366,451,558,4809,463,-071,10
ENKA,2010-10-08,27061,39311,450,464,4800,462,-072,10
ENKA,2010-10-11,15484,26852,547,561,6184,553,362,508
ENKA,2010-10-12,6294,17722,738,761,7498,556,1329,551
ENKA,2010-10-13,45849,10249,643,895,8888,655,-37,57
ENKA,2010-10-14,24488,38789,553,665,7491,561,-449,63
ENKA,2010-10-15,27219,41416,640,660,7472,559,268,500
ENKA,2010-10-19,14825,28081,639,664,7501,651,-065,10
ENKA,2010-10-20,6472,17066,637,661,6232,561,-132,20
ENKA,2010-10-21,10836,22671,637,659,7468,562,0,460
ENKA,2010-10-22,12532,24605,637,659,7467,561,0,460
ENKA,2010-10-25,19899,32961,550,659,6231,559,-267,40
ENKA,2010-10-26,21782,34027,546,562,6180,553,-274,40
ENKA,2010-10-27,45095,5400,547,560,6165,462,07,470
ENKA,2010-10-28,35154,49305,551,564,6208,555,28,500
ENKA,2010-10-29,31209,45277,551,566,6221,560,0,460
ENKA,2010-11-02,37835,52263,551,564,6214,560,0,460
ENKA,2010-11-03,44383,5651,548,656,6215,557,-204,30
ENKA,2010-11-04,30667,44441,549,565,6209,558,069,470
ENKA,2010-11-05,8142,19092,551,657,6229,560,138,480
ENKA,2010-11-08,24943,37870,548,563,6197,557,-204,30
ENKA,2010-11-09,43020,3194,545,563,6177,554,-208,30
ENKA,2010-11-10,6637,15475,451,557,4800,460,-142,20
ENKA,2010-11-11,29696,41836,448,557,4788,459,-216,30
ENKA,2010-11-12,35561,47587,445,459,4760,457,-221,30
ENKA,2010-11-16,25665,35533,343,357,2931,355,-526,63
ENKA,2010-11-17,29318,40284,442,455,4732,454,317,500
ENKA,2010-11-18,32750,44657,442,460,4762,454,0,460
ENKA,2010-11-19,38445,49786,344,360,2948,356,-231,30
ENKA,2010-11-22,26899,36754,342,356,2926,354,-157,20
ENKA,2010-11-23,42417,53318,340,356,2913,352,-16,20
ENKA,2010-11-24,29539,40737,446,459,4744,454,894,539
ENKA,2010-11-25,27001,38319,442,460,4762,454,-299,40
ENKA,2010-11-26,45173,3500,446,459,2953,357,308,500
ENKA,2010-11-29,20439,30476,446,1,4732,1,0,460
ENKA,2010-11-30,6870,14378,443,458,4741,454,-224,30
ENKA,2010-12-01,6737,14152,442,457,4735,454,-076,10
ENKA,2010-12-02,28866,39891,443,456,4739,455,077,470
ENKA,2010-12-03,44407,3210,447,460,4750,454,305,500
ENKA,2010-12-06,7507,15965,445,463,4778,457,-148,20
ENKA,2010-12-07,27151,38706,445,462,4771,457,0,460
ENKA,2010-12-09,36262,47982,442,459,4742,454,-226,30
ENKA,2010-12-10,18650,28685,442,458,4749,454,0,460
ENKA,2010-12-13,23796,34236,442,456,4735,454,0,460
ENKA,2010-12-14,28077,39201,445,458,4747,454,231,490
ENKA,2010-12-15,15504,24627,442,455,2960,358,-226,30
ENKA,2010-12-16,3274,9742,345,360,2948,356,-154,20
ENKA,2010-12-17,11206,18990,343,455,2943,354,-156,20
ENKA,2010-12-20,31801,42290,342,359,2931,353,-079,10
ENKA,2010-12-21,44617,2158,344,358,2925,354,16,480
ENKA,2010-12-22,4581,9883,344,359,2885,349,0,460
ENKA,2010-12-23,21652,31220,344,358,2935,354,0,460
ENKA,2010-12-24,42145,53660,345,359,2943,356,079,470
ENKA,2010-12-27,11017,18810,345,359,2946,356,0,460
ENKA,2010-12-28,16068,24307,342,358,2916,351,-234,30
ENKA,2010-12-29,42867,54031,342,356,2920,354,0,460
ENKA,2010-12-30,15257,23837,344,358,2939,356,16,480
ENKA,2011-01-03,20221,29528,343,357,2932,355,-079,10
ENKA,2011-01-04,28095,38301,343,1,2937,1,0,460
ENKA,2011-01-05,12051,20100,345,359,2943,356,159,480
ENKA,2011-01-06,4398,10541,342,356,2923,354,-234,30
ENKA,2011-01-07,20037,28819,341,355,2913,353,-08,10
ENKA,2011-01-11,31184,42361,345,458,4735,356,323,500
ENKA,2011-01-12,40577,52459,442,456,4733,454,156,480
ENKA,2011-01-13,42300,396,443,457,4736,358,077,470
ENKA,2011-01-14,25312,35663,345,456,2954,357,-229,30
ENKA,2011-01-17,35648,47040,345,456,2960,357,0,460
ENKA,2011-01-18,41657,52883,343,359,2930,354,-156,20
ENKA,2011-01-19,6942,13610,344,358,2931,354,079,470
ENKA,2011-01-20,11477,18852,342,356,2922,354,-157,20
ENKA,2011-01-21,42364,766,447,461,4748,356,8,537
ENKA,2011-01-24,30511,43106,450,558,4801,459,222,490
ENKA,2011-01-25,33491,46855,549,565,6181,460,507,521
ENKA,2011-01-26,32931,47171,549,658,6223,558,0,460
ENKA,2011-01-27,41618,2956,637,660,6236,557,345,508
ENKA,2011-01-28,28988,43332,553,660,7469,560,-067,10
ENKA,2011-01-31,38098,52912,553,656,6231,561,0,460
ENKA,2011-02-01,7592,18185,551,656,6218,559,-134,20
ENKA,2011-02-02,389,9350,548,565,6200,557,-204,30
ENKA,2011-02-03,13416,25190,552,566,6216,558,278,500
ENKA,2011-02-04,603,9307,546,564,6190,554,-405,57
ENKA,2011-02-07,46337,6418,450,557,4795,461,-282,40
ENKA,2011-02-08,6971,15952,543,560,4806,457,145,480
ENKA,2011-02-09,9030,18996,543,561,6181,463,0,460
ENKA,2011-02-10,33696,46714,545,559,6162,463,071,470
ENKA,2011-02-11,34050,47097,543,559,6162,463,-071,10
ENKA,2011-02-14,9449,19355,545,558,6171,554,071,470
ENKA,2011-02-15,35399,48598,543,560,6165,463,-071,10
ENKA,2011-02-16,4666,13513,546,559,6168,553,143,480
ENKA,2011-02-17,44418,4761,543,561,6174,463,-141,20
ENKA,2011-02-18,12047,21812,450,558,4787,459,-143,20
ENKA,2011-02-21,29410,42218,543,560,6172,553,145,480
ENKA,2011-02-22,34887,48049,451,558,6163,463,-071,10
ENKA,2011-02-23,45680,6101,545,559,6167,553,144,480
ENKA,2011-02-24,8224,17833,545,559,6173,554,0,460
ENKA,2011-02-25,22301,34131,451,558,4807,463,-142,20
ENKA,2011-02-28,21800,33863,545,559,6171,554,144,480
ENKA,2011-03-01,35406,48761,545,559,6173,553,0,460
ENKA,2011-03-02,21363,33868,548,563,6193,553,213,490
ENKA,2011-03-03,33312,48054,641,660,7470,560,694,537
ENKA,2011-03-04,38418,53996,637,664,7489,560,-26,40
ENKA,2011-03-07,6537,17206,553,659,6234,560,-067,10
ENKA,2011-03-08,42345,3562,552,657,6225,560,-067,10
ENKA,2011-03-09,2225,12400,639,658,7468,562,27,500
ENKA,2011-03-10,4284,14729,553,660,7468,562,-197,30
ENKA,2011-03-11,5277,15925,640,659,7471,560,268,500
ENKA,2011-03-14,43610,5583,637,661,7482,649,-196,30
ENKA,2011-03-15,4097,14097,551,656,6221,560,-2,30
ENKA,2011-03-16,42390,3154,551,565,6205,557,0,460
ENKA,2011-03-17,12912,24823,550,658,6228,559,-068,10
ENKA,2011-03-18,24584,37951,551,656,6219,560,068,470
ENKA,2011-03-22,41273,2219,551,565,6218,560,0,460
ENKA,2011-03-23,34796,49300,551,656,6225,560,0,460
ENKA,2011-03-24,22771,36082,553,656,6225,560,136,480
ENKA,2011-03-25,27896,42456,638,662,7491,649,134,480
ENKA,2011-03-28,20961,34803,639,660,7486,650,066,470
ENKA,2011-03-29,34878,49522,552,658,6233,561,-263,40
ENKA,2011-03-30,28397,42097,551,565,6217,560,-068,10
ENKA,2011-03-31,13016,24865,552,656,6224,561,068,470
ENKA,2011-04-01,10163,21399,552,565,6221,561,0,460
ENKA,2011-04-04,21977,35146,551,565,6219,560,-068,10
ENKA,2011-04-05,40404,1075,551,564,6212,559,0,460
ENKA,2011-04-06,13246,25232,551,657,6228,560,0,460
ENKA,2011-04-07,35075,49389,551,566,6216,560,0,460
ENKA,2011-04-08,21659,34670,550,566,6214,559,-068,10
ENKA,2011-04-11,34751,48591,548,562,6196,557,-137,20
ENKA,2011-04-12,6697,16293,546,560,6185,555,-139,20
ENKA,2011-04-13,1721,10410,547,560,6180,555,07,470
ENKA,2011-04-14,31328,44062,450,558,4806,462,-35,50
ENKA,2011-04-15,29052,41116,451,557,4786,459,072,470
ENKA,2011-04-18,4126,12675,450,558,4801,462,-072,10
ENKA,2011-04-19,17021,27485,450,1,4784,1,0,460
ENKA,2011-04-20,26111,38649,451,560,6173,463,072,470
ENKA,2011-04-25,9393,19017,451,558,4809,462,0,460
ENKA,2011-04-26,27047,39344,451,464,4803,463,0,460
ENKA,2011-04-27,14480,24901,449,464,4795,461,-144,20
ENKA,2011-04-28,19181,30420,451,464,4796,461,146,480
ENKA,2011-04-29,22887,34648,449,557,4798,461,-144,20
ENKA,2011-05-02,39967,52919,448,462,4785,460,-073,10
ENKA,2011-05-03,27950,39896,446,463,4785,458,-147,20
ENKA,2011-05-04,3919,11722,446,460,4769,458,0,460
ENKA,2011-05-05,31154,42828,444,460,4757,456,-149,20
ENKA,2011-05-06,34894,46458,346,457,4739,358,-227,30
ENKA,2011-05-09,11365,19730,442,455,4732,454,078,470
ENKA,2011-05-10,31239,42461,442,459,4738,454,0,460
ENKA,2011-05-11,24926,35605,346,460,4743,358,-077,10
ENKA,2011-05-12,34982,47017,448,461,4763,454,543,521
ENKA,2011-05-13,13190,23733,449,559,6162,461,074,470
ENKA,2011-05-16,13626,24317,543,558,6162,463,219,490
ENKA,2011-05-17,43722,2771,445,462,4769,457,-5,63
ENKA,2011-05-18,23938,35187,447,460,4772,458,15,480
ENKA,2011-05-19,46731,6515,447,462,4779,459,0,460
ENKA,2011-05-20,20051,30926,446,461,4775,458,-074,10
ENKA,2011-05-23,2985,10069,442,460,4746,454,-299,40
ENKA,2011-05-24,40420,51778,344,458,2941,354,-231,30
ENKA,2011-05-25,14110,23017,345,456,2956,356,079,470
ENKA,2011-05-26,46723,5645,444,457,4740,358,313,500
ENKA,2011-05-27,35564,47576,444,460,4759,456,0,460
ENKA,2011-05-30,22267,32693,443,457,4745,455,-076,10
ENKA,2011-05-31,40056,52060,443,458,4741,358,0,460
ENKA,2011-06-01,28864,39756,346,456,4732,358,-153,20
ENKA,2011-06-02,34950,46263,442,456,2957,357,078,470
ENKA,2011-06-03,13405,22160,346,455,2956,358,-077,10
ENKA,2011-06-07,16227,25252,346,360,2952,357,0,460
ENKA,2011-06-08,26235,36901,443,457,4737,357,155,480
ENKA,2011-06-09,26013,36388,345,455,2954,357,-229,30
ENKA,2011-06-10,22976,32944,345,359,2949,357,0,460
ENKA,2011-06-13,25845,35937,344,359,2942,356,-078,10
ENKA,2011-06-14,772,7062,442,456,2960,357,236,490
ENKA,2011-06-15,12383,20480,345,359,2942,355,-154,20
ENKA,2011-06-16,41558,53354,346,455,2957,357,078,470
ENKA,2011-06-17,24741,35116,346,455,2956,355,0,460
ENKA,2011-06-20,25877,37129,447,461,4765,358,465,515
ENKA,2011-06-21,15897,26317,447,464,4787,459,0,460
ENKA,2011-06-22,18680,29249,446,461,4771,458,-074,10
ENKA,2011-06-23,3777,11101,444,457,4748,456,-149,20
ENKA,2011-06-24,27400,38104,346,457,4733,358,-227,30
ENKA,2011-06-28,30689,41740,442,455,2962,454,078,470
ENKA,2011-06-29,33095,45126,448,461,4765,455,462,515
ENKA,2011-06-30,2335,9789,445,460,4769,457,-221,30
ENKA,2011-07-01,13438,22932,446,459,4759,457,075,470
ENKA,2011-07-05,27708,39134,446,459,4764,458,0,460
ENKA,2011-07-06,36508,48278,346,460,4745,358,-373,50
ENKA,2011-07-07,37214,48635,345,456,2956,357,-078,10
ENKA,2011-07-08,43064,422,342,360,2929,354,-234,30
ENKA,2011-07-11,40554,51170,339,357,2908,351,-24,30
ENKA,2011-07-12,20933,29927,341,355,2913,353,164,480
ENKA,2011-07-13,3766,9736,340,357,2919,352,-081,10
ENKA,2011-07-14,40829,50954,339,356,2884,247,-081,10
ENKA,2011-07-15,3650,8158,337,351,1310,240,-164,20
ENKA,2011-07-18,5164,10158,244,252,1318,245,-083,10
ENKA,2011-07-19,39132,49642,342,356,2909,351,504,515
ENKA,2011-07-21,19854,28729,341,357,2918,353,-08,10
ENKA,2011-07-22,38038,48484,341,355,2911,351,0,460
ENKA,2011-07-25,31557,41401,340,355,2905,350,-081,10
ENKA,2011-07-26,1880,6642,337,355,2884,247,-244,30
ENKA,2011-07-27,5201,10094,244,351,1311,243,-083,10
ENKA,2011-07-28,15114,22385,338,352,2879,349,168,480
ENKA,2011-07-29,42014,52269,338,352,2886,350,0,460
ENKA,2011-08-01,38489,48728,338,354,2899,350,0,460
ENKA,2011-08-02,29614,38935,339,353,2887,349,083,470
ENKA,2011-08-03,29668,38824,339,353,2879,248,0,460
ENKA,2011-08-04,4961,9910,243,351,1318,247,-328,40
ENKA,2011-08-05,31397,40061,337,351,1299,243,169,480
ENKA,2011-08-08,5088,9827,241,252,1309,245,-333,40
ENKA,2011-08-09,7369,12170,243,251,1295,244,172,480
ENKA,2011-08-10,16767,23278,243,1,1291,1,0,460
ENKA,2011-08-11,44904,775,244,252,1302,245,085,470
ENKA,2011-08-12,17142,24463,244,1,1322,1,0,460
ENKA,2011-08-16,21178,29384,244,1,1327,1,0,460
ENKA,2011-08-17,6143,11276,242,352,1315,246,-168,20
ENKA,2011-08-18,7785,12667,240,249,1295,244,-171,20
ENKA,2011-08-19,9385,13649,237,247,1262,240,-261,30
ENKA,2011-08-22,46728,2450,241,249,1284,242,357,500
ENKA,2011-08-23,1304,4808,240,248,1291,244,-086,10
ENKA,2011-08-24,12923,18299,240,1,1276,1,0,460
ENKA,2011-08-25,24020,30999,240,1,1262,1,0,460
ENKA,2011-08-26,11932,16754,240,1,1263,1,0,460
ENKA,2011-08-29,35586,43934,239,247,1273,243,-087,10
ENKA,2011-08-30,16743,22741,239,1,1269,1,0,460
ENKA,2011-08-31,24293,31261,235,246,1262,239,-351,40
ENKA,2011-09-01,20728,27350,238,246,1268,242,273,490
ENKA,2011-09-02,4062,7774,238,247,1278,242,0,460
ENKA,2011-09-05,3229,6426,237,246,1262,241,-088,10
ENKA,2011-09-06,2319,5736,239,247,1280,243,179,480
ENKA,2011-09-07,8620,13106,240,248,1277,242,088,470
ENKA,2011-09-08,9057,13528,237,247,1275,241,-261,30
ENKA,2011-09-09,35200,43344,237,1,1263,1,0,460
ENKA,2011-09-12,24009,30789,237,1,1255,1,0,460
ENKA,2011-09-13,12722,17444,237,245,1254,239,0,460
ENKA,2011-09-14,39704,47544,235,243,230,239,-179,20
ENKA,2011-09-15,6829,10443,235,1,1253,1,0,460
ENKA,2011-09-16,29284,36109,235,1,224,1,0,460
ENKA,2011-09-19,46577,1093,235,1,223,1,0,460
ENKA,2011-09-20,8190,11643,235,243,221,142,0,460
ENKA,2011-09-21,23212,29162,235,1,213,1,0,460
ENKA,2011-09-22,11440,14845,235,1,202,1,0,460
ENKA,2011-09-23,31488,38122,235,1,206,1,0,460
ENKA,2011-09-26,1,1,235,1,1,1,0,460
ENKA,2011-09-27,43982,51702,139,145,206,141,-182,20
ENKA,2011-09-28,36686,44292,140,146,226,143,093,470
ENKA,2011-09-29,25705,31349,140,1,189,1,0,460
ENKA,2011-09-30,42857,49603,140,1,174,1,0,460
ENKA,2011-10-03,12935,17050,137,146,214,140,-275,30
ENKA,2011-10-04,32638,37940,133,139,144,5698,-377,40
ENKA,2011-10-05,5324,6442,133,1,149,1,0,460
ENKA,2011-10-06,42136,49050,137,143,184,138,392,500
ENKA,2011-10-07,32823,39423,139,145,195,139,189,480
ENKA,2011-10-10,1,1,139,1,1,1,0,460
ENKA,2011-10-11,121,4071,339,354,1313,143,1296,545
ENKA,2011-10-12,41178,51836,339,358,2908,350,0,460
ENKA,2011-10-13,46387,4303,342,358,2928,354,246,490
ENKA,2011-10-14,33016,43148,339,355,2907,351,-24,30
ENKA,2011-10-18,46563,3420,339,1,2879,1,0,460
ENKA,2011-10-19,15207,22872,340,354,2899,349,082,470
ENKA,2011-10-20,39497,50059,341,355,2910,353,081,470
ENKA,2011-10-21,12431,19541,341,1,2901,1,0,460
ENKA,2011-10-24,15016,22611,341,1,2895,1,0,460
ENKA,2011-10-25,17258,24633,243,351,1323,247,-484,57
ENKA,2011-10-26,9209,14685,337,351,1314,246,169,480
ENKA,2011-10-27,22036,30305,337,351,1324,248,0,460
ENKA,2011-10-28,10722,16697,244,252,1321,246,-083,10
ENKA,2011-10-31,38165,47399,244,1,1306,1,0,460
ENKA,2011-11-01,20006,26650,238,246,1276,242,-504,57
ENKA,2011-11-02,28806,35844,238,1,1252,1,0,460
ENKA,2011-11-03,44048,52607,235,244,1254,239,-265,30
ENKA,2011-11-04,36211,43935,139,145,231,142,-182,20
ENKA,2011-11-08,34346,41944,139,1,1247,1,0,460
ENKA,2011-11-09,25076,31422,139,145,220,142,0,460
ENKA,2011-11-10,17583,22053,139,1,188,1,0,460
ENKA,2011-11-11,32821,39688,139,1,206,1,0,460
ENKA,2011-11-15,22195,27064,134,141,174,137,-463,50
ENKA,2011-11-16,24191,28529,131,137,142,134,-291,30
ENKA,2011-11-17,42698,48819,131,137,147,134,0,460
ENKA,2011-11-18,1372,2521,131,1,181,1,0,460
ENKA,2011-11-21,37748,43976,133,139,165,136,2,480
ENKA,2011-11-22,6993,8477,131,139,152,134,-196,20
ENKA,2011-11-23,44518,50702,131,137,140,134,0,460
ENKA,2011-11-24,1,1,131,1,1,1,0,460
ENKA,2011-11-25,20432,23558,5598,5668,38893,5664,-49,49
ENKA,2011-11-28,696,816,5639,137,141,5707,505,506
ENKA,2011-11-29,40245,45880,5634,5709,38914,5700,-06,6
ENKA,2011-11-30,15795,18979,134,140,150,5704,373,497
ENKA,2011-12-01,34144,39547,5635,137,38918,5702,-35,36
ENKA,2011-12-02,16908,20375,5635,1,151,1,0,460
ENKA,2012-05-04,13972,12848,5292,1,37068,1,0,460
ENKA,2012-05-07,24983,25725,5292,1,37072,1,0,460
ENKA,2012-05-08,4798,3160,5568,5641,38825,5369,468,501
ENKA,2012-05-09,36140,38573,5290,5356,37086,5352,-523,48
ENKA,2012-05-10,26558,28215,5290,5629,37094,5352,0,460
ENKA,2012-05-11,31181,32869,5290,1,37078,1,0,460
ENKA,2012-05-14,14963,13419,5263,5330,37052,5323,-437,38
ENKA,2012-05-15,15201,13651,5263,1,37051,1,0,460
ENKA,2012-05-16,24916,26083,5291,5359,37086,5356,529,503
ENKA,2012-05-17,35959,38464,5292,5360,37090,5357,011,461
ENKA,2012-05-18,27676,28334,5275,5340,37057,5335,-353,31
ENKA,2012-05-22,1,1,5275,1,1,1,0,460
ENKA,2012-05-23,31636,32692,5275,1,37055,1,0,460
ENKA,2012-05-24,5179,2144,5290,5356,37062,5325,284,484
ENKA,2012-05-25,1,1,5290,1,1,1,0,460
ENKA,2012-05-28,11411,9775,5290,1,37071,1,0,460
ENKA,2012-05-29,18117,17037,5290,1,37049,1,0,460
ENKA,2012-05-30,44621,47388,5290,1,37075,1,0,460
ENKA,2012-05-31,1,1,5290,1,1,1,0,460
ENKA,2012-06-01,39966,41547,5290,1,37046,1,0,460
ENKA,2012-06-04,4868,1331,5290,1,37048,1,0,460
ENKA,2012-06-05,25282,26182,5290,1,37074,1,0,460
ENKA,2012-06-06,11981,9960,5254,5334,37053,5315,-54,47
ENKA,2012-06-07,3434,53138,5243,5321,37031,5304,-134,11
ENKA,2012-06-08,40964,42066,5243,5309,37028,5304,0,460
ENKA,2012-06-12,3575,53224,5243,5309,37028,5304,0,460
ENKA,2012-06-13,35575,35942,5234,5297,37017,5297,-148,12
ENKA,2012-06-14,26932,25760,5234,1,35055,1,0,460
ENKA,2012-06-15,20006,18606,5234,1,37025,1,0,460
ENKA,2012-06-19,40513,40986,5234,5297,35062,5297,0,460
ENKA,2012-06-20,8211,4329,5234,1,37016,1,0,460
ENKA,2012-06-21,45713,45798,5234,1,35035,1,0,460
ENKA,2012-06-22,37248,36451,4922,4974,35036,4994,-5,40
ENKA,2012-06-25,43845,43800,4922,1,35037,1,0,460
ENKA,2012-06-26,14719,10521,4922,1,35023,1,0,460
ENKA,2012-06-27,22135,20181,4928,4979,35049,5000,105,468
ENKA,2012-06-28,13853,11206,4953,5004,35072,5021,404,491
ENKA,2012-06-29,1,1,4953,1,1,1,0,460
ENKA,2012-07-03,1,1,4953,1,1,1,0,460
ENKA,2012-07-04,1530,49350,4953,1,35036,1,0,460
ENKA,2012-07-05,8718,3607,4953,1,35032,1,0,460
ENKA,2012-07-06,8975,3892,4953,1,35032,1,0,460
ENKA,2012-07-09,40889,40516,4953,1,35036,1,0,460
ENKA,2012-07-10,9129,4158,4953,1,35036,1,0,460
ENKA,2012-07-11,1,1,4953,1,1,1,0,460
ENKA,2012-07-12,1,1,4953,1,1,1,0,460
ENKA,2012-07-13,23471,21065,4953,1,35031,1,0,460
ENKA,2012-07-16,28172,26330,4953,1,35031,1,0,460
ENKA,2012-07-17,1,1,4953,1,1,1,0,460
ENKA,2012-07-18,1,1,4953,1,1,1,0,460
ENKA,2012-07-19,9324,4177,4915,4967,35029,4987,-576,46
ENKA,2012-07-23,5999,53268,4882,4934,34999,4952,-478,36
ENKA,2012-07-24,41843,39509,4882,1,32833,1,0,460
ENKA,2012-07-25,7715,503,4437,4921,32834,4483,-307,22
ENKA,2012-07-26,27581,22565,4437,1,32799,1,0,460
ENKA,2012-07-27,42217,37025,4385,4501,32756,4406,-878,58
ENKA,2012-07-30,21935,14992,4398,4460,32773,4407,252,476
ENKA,2012-07-31,18445,11217,4398,1,32778,1,0,460
ENKA,2012-08-01,22750,15435,4398,1,32761,1,0,460
ENKA,2012-08-02,33822,28921,4398,1,32780,1,0,460
ENKA,2012-08-03,38324,33376,4382,4442,32768,4432,-308,20
ENKA,2012-08-06,23083,15923,4382,1,32764,1,0,460
ENKA,2012-08-08,36386,31028,4382,1,32760,1,0,460
ENKA,2012-08-09,33119,26812,4359,4425,32747,4409,-413,26
ENKA,2012-08-10,13853,4643,4359,1,32748,1,0,460
ENKA,2012-08-13,16256,7041,4356,4417,32741,4405,-066,4
ENKA,2012-08-14,34574,28627,4363,4423,32751,4413,133,468
ENKA,2012-08-15,9889,872,4390,4452,32775,4437,526,492
ENKA,2012-08-16,2627,46918,4398,4460,32788,4438,156,470
ENKA,2012-08-17,40890,37213,4405,4467,32800,4451,154,470
ENKA,2012-08-21,28711,23789,4414,4476,32798,4461,152,470
ENKA,2012-08-22,39266,35231,4404,4466,32791,4450,-164,11
ENKA,2012-08-23,39825,35632,4404,1,32786,1,0,460
ENKA,2012-08-24,36360,31861,4404,1,32784,1,0,460
ENKA,2012-08-27,6753,52422,4436,4498,32808,4450,531,495
ENKA,2012-08-28,26358,22382,4441,4501,32832,4478,072,465
ENKA,2012-08-29,46463,44163,4433,4495,32818,4461,-129,9
ENKA,2012-08-30,21168,16477,4866,4918,34977,4485,145,470
ENKA,2012-08-31,18534,13965,4884,4936,34995,4956,271,479
ENKA,2012-09-03,46688,45473,4885,4944,34990,4948,014,461
ENKA,2012-09-04,948,47584,4885,4949,35002,4957,0,460
ENKA,2012-09-05,19766,14965,4866,4937,34982,4939,-278,20
ENKA,2012-09-06,29121,26665,4906,4958,35009,4948,629,503
ENKA,2012-09-07,16913,12847,4902,4956,35017,4974,-054,4
ENKA,2012-09-10,41864,40949,4902,4954,35017,4975,0,460
ENKA,2012-09-11,37212,36138,4912,4964,35026,4984,135,470
ENKA,2012-09-12,29432,28581,4945,4997,35055,4985,533,500
ENKA,2012-09-13,15285,14442,5303,5624,37075,5297,1266,537
ENKA,2012-09-14,1436,53246,5303,5642,38828,5356,0,460
ENKA,2012-09-17,20831,21863,5303,1,37099,1,0,460
ENKA,2012-09-18,40826,43149,5282,5348,37069,5341,-382,34
ENKA,2012-09-19,888,52132,5299,5366,37097,5363,327,488
ENKA,2012-09-20,15049,14776,5299,1,37096,1,0,460
ENKA,2012-09-21,47096,51135,5553,5624,37108,5618,181,476
ENKA,2012-09-24,34854,37764,5553,5624,37110,5618,0,460
ENKA,2012-09-25,39104,42048,5553,1,37099,1,0,460
ENKA,2012-09-26,6237,4223,5295,5363,37091,5360,-222,20
ENKA,2012-09-27,40983,44150,5301,5367,37100,5366,08,467
ENKA,2012-09-28,3349,399,5301,1,37076,1,0,460
ENKA,2012-10-01,4981,2328,5301,1,37076,1,0,460
ENKA,2012-10-02,14720,13900,5301,1,37076,1,0,460
ENKA,2012-10-03,4817,1609,5290,5356,37059,5330,-192,17
ENKA,2012-10-04,27676,27813,5254,5319,37040,5315,-54,47
ENKA,2012-10-05,34830,37219,5311,5377,37091,5297,911,524
ENKA,2012-10-08,7174,6890,5311,5700,38861,5376,0,460
ENKA,2012-10-09,16467,17065,5553,5633,38830,5618,022,462
ENKA,2012-10-10,12559,12807,5577,5648,38840,5627,322,489
ENKA,2012-10-11,43738,47668,5559,5631,38834,5624,-237,22
ENKA,2012-10-12,16323,15934,5290,5357,37086,5352,-408,37
ENKA,2012-10-16,44374,47290,5312,5378,37082,5337,333,489
ENKA,2012-10-17,3279,774,5312,1,37092,1,0,460
ENKA,2012-10-18,4642,2376,5312,1,37092,1,0,460
ENKA,2012-10-19,13853,13775,5312,1,37107,1,0,460
ENKA,2012-10-22,15835,16171,5553,5624,38823,5618,011,461
ENKA,2012-10-23,28173,30546,5553,1,38823,1,0,460
ENKA,2012-10-24,40586,44035,5553,1,37112,1,0,460
ENKA,2012-10-25,9515,8404,5553,1,37102,1,0,460
ENKA,2012-10-26,32822,35584,5553,1,37111,1,0,460
ENKA,2012-10-29,13852,13889,5553,1,37111,1,0,460
ENKA,2012-10-30,8211,6299,5553,1,37084,1,0,460
ENKA,2012-10-31,18444,19078,5553,1,37103,1,0,460
ENKA,2012-11-01,5939,3799,5553,1,37088,1,0,460
ENKA,2012-11-02,11796,9976,5277,5368,37060,5335,-556,50
ENKA,2012-11-06,1,1,5277,1,1,1,0,460
ENKA,2012-11-07,1,1,5277,1,1,1,0,460
ENKA,2012-11-08,1,1,5277,1,1,1,0,460
ENKA,2012-11-09,1,1,5277,1,1,1,0,460
ENKA,2012-11-13,29623,29392,4952,5003,35072,5020,-612,52
ENKA,2012-11-14,1,1,4952,1,1,1,0,460
ENKA,2012-11-15,1,1,4952,1,1,1,0,460
ENKA,2012-11-16,1,1,4952,1,1,1,0,460
ENKA,2012-11-19,40023,38510,4874,4964,35003,4947,-1115,69
ENKA,2012-11-20,23424,18146,4874,1,32810,1,0,460
ENKA,2012-11-21,15062,8651,4433,4495,32817,4465,-268,19
ENKA,2012-11-22,1,1,4433,1,1,1,0,460
ENKA,2012-11-23,10105,2545,4433,1,32812,1,0,460
ENKA,2012-11-26,46105,43585,4419,4480,32813,4465,-217,15
ENKA,2012-11-27,31062,26956,4419,1,32812,1,0,460
ENKA,2012-11-28,44527,41771,4419,4481,32813,4465,0,460
ENKA,2012-11-29,32823,28982,4419,4480,32813,4465,0,460
ENKA,2012-11-30,19409,13573,4419,4481,32813,4465,0,460
ENKA,2012-12-03,15706,9274,4419,4481,32813,4465,0,460
ENKA,2012-12-04,22188,16174,4398,4477,32797,4443,-37,25
ENKA,2012-12-05,24499,18619,4398,1,32790,1,0,460
ENKA,2012-12-06,46443,42614,4398,4460,32775,4443,0,460
ENKA,2012-12-07,32297,26699,4369,4429,32768,4418,-538,35
ENKA,2012-12-10,6467,50464,4378,4438,32764,4428,163,470
ENKA,2012-12-11,40957,36605,4378,1,32781,1,0,460
ENKA,2012-12-12,5627,50087,4378,1,32780,1,0,460
ENKA,2012-12-13,1,1,4378,1,1,1,0,460
ENKA,2012-12-14,10547,2216,4378,1,32789,1,0,460
ENKA,2012-12-17,40620,36275,4391,4453,32782,4439,256,476
ENKA,2012-12-18,29859,25521,4391,1,32811,1,0,460
ENKA,2012-12-19,24414,19293,4391,1,32809,1,0,460
ENKA,2012-12-20,39261,35978,4420,4481,32814,4466,546,495
ENKA,2012-12-21,12785,6158,4430,4491,32825,4476,148,470
ENKA,2012-12-24,12299,6231,4430,1,34985,1,0,460
ENKA,2012-12-26,4924,52086,4888,4940,35000,4960,539,497
ENKA,2012-12-27,8348,2313,4888,1,35006,1,0,460
ENKA,2012-12-28,34694,32658,4888,4940,35000,4960,0,460
ENKA,2013-01-02,45136,45220,4888,1,35037,1,0,460
ENKA,2013-01-03,39813,39077,4888,1,35027,1,0,460
ENKA,2013-01-04,8,46553,4888,1,35002,1,0,460
ENKA,2013-01-08,1,1,4888,1,1,1,0,460
ENKA,2013-01-09,21019,16624,4875,4927,34987,4948,-18,13
ENKA,2013-01-10,32822,30226,4875,1,34988,1,0,460
ENKA,2013-01-11,21015,16647,4876,4928,34988,4949,014,461
ENKA,2013-01-14,23803,19980,4876,1,34988,1,0,460
ENKA,2013-01-15,29247,25901,4876,1,34982,1,0,460
ENKA,2013-01-16,17279,12189,4876,1,34983,1,0,460
ENKA,2013-01-17,41687,39508,4866,4918,34977,4939,-155,11
ENKA,2013-01-18,6977,53698,4866,1,34977,1,0,460
ENKA,2013-01-21,12824,6699,4866,1,34977,1,0,460
ENKA,2013-01-22,26933,23470,4866,1,34984,1,0,460
ENKA,2013-01-23,7700,1018,4870,4931,34990,4943,071,465
ENKA,2013-01-24,17603,12890,4870,1,34993,1,0,460
ENKA,2013-01-25,1,1,4870,1,1,1,0,460
ENKA,2013-01-28,25500,23011,4904,4956,35019,4977,525,497
ENKA,2013-01-29,1,1,4904,1,1,1,0,460
ENKA,2013-01-30,22135,19079,4904,4956,35019,4977,0,460
ENKA,2013-01-31,44963,44438,4904,4956,35019,4977,0,460
ENKA,2013-02-01,22946,20050,4904,1,35019,1,0,460
ENKA,2013-02-04,8211,1994,4904,1,35001,1,0,460
ENKA,2013-02-05,39672,37959,4886,4938,34999,4958,-283,21
ENKA,2013-02-06,34695,33629,4922,4974,35030,4994,541,499
ENKA,2013-02-07,9524,4151,4922,1,35021,1,0,460
ENKA,2013-02-08,25360,23533,4925,4977,35040,4998,066,465
ENKA,2013-02-11,34185,33404,4925,1,35040,1,0,460
ENKA,2013-02-12,41202,40929,4925,4977,35038,4998,0,460
ENKA,2013-02-13,4378,53753,5234,5297,35069,5013,458,495
ENKA,2013-02-14,16645,14379,5246,5312,37020,5297,188,475
ENKA,2013-02-15,16,49306,5246,1,37032,1,0,460
ENKA,2013-02-18,4956,1297,5246,1,37044,1,0,460
ENKA,2013-02-19,39788,41295,5246,1,37043,1,0,460
ENKA,2013-02-20,41009,42482,5269,5333,37040,5329,294,484
ENKA,2013-02-21,35284,36510,5269,1,37050,1,0,460
ENKA,2013-02-22,16211,14696,5269,1,37047,1,0,460
ENKA,2013-02-25,8,49669,5269,1,37046,1,0,460
ENKA,2013-02-26,38985,40047,5246,5311,37030,5307,-286,24
ENKA,2013-02-27,2425,51590,5234,5297,37017,5297,-184,15
ENKA,2013-02-28,6434,2744,5234,1,37033,1,0,460
ENKA,2013-03-01,35496,35838,5234,5297,37016,5297,0,460
ENKA,2013-03-04,18445,16646,5234,5297,37024,5297,0,460
ENKA,2013-03-05,12842,9987,5234,5297,37017,5297,0,460
ENKA,2013-03-06,1,1,5234,1,1,1,0,460
ENKA,2013-03-07,36511,36899,5234,1,37016,1,0,460
ENKA,2013-03-08,33694,33198,5234,1,35050,1,0,460
ENKA,2013-03-11,11550,7953,5234,1,35063,1,0,460
ENKA,2013-03-12,17652,15527,5234,5297,37018,5021,0,460
ENKA,2013-03-13,28578,28065,5234,5297,35070,5297,0,460
ENKA,2013-03-14,31742,31314,5234,1,35059,1,0,460
ENKA,2013-03-15,1,1,5234,1,1,1,0,460
ENKA,2013-03-18,34670,33715,4919,4971,35034,4991,-538,43
ENKA,2013-03-19,45427,45287,4914,4967,35028,4986,-066,5
ENKA,2013-03-20,18445,14946,4915,4967,35029,4987,013,461
ENKA,2013-03-21,31182,29767,4915,4967,35030,4987,0,460
ENKA,2013-03-22,20747,17907,4915,1,35035,1,0,460
ENKA,2013-03-26,1,1,4915,1,1,1,0,460
ENKA,2013-03-27,21019,18138,4917,4969,35031,4989,027,462
ENKA,2013-04-01,42610,42160,4917,1,35031,1,0,460
ENKA,2013-04-02,16690,13477,4930,4985,35046,5001,199,475
ENKA,2013-04-03,14351,10299,4912,4968,35027,4984,-26,20
ENKA,2013-04-04,16962,13207,4917,4969,35028,4984,067,465
ENKA,2013-04-05,39529,38708,4917,1,35026,1,0,460
ENKA,2013-04-08,14037,9892,4912,4964,35026,4984,-066,5
ENKA,2013-04-09,1,1,4912,1,1,1,0,460
ENKA,2013-04-10,40359,39670,4912,4964,35026,4984,0,460
ENKA,2013-04-11,2124,49916,4922,4974,35032,4987,133,470
ENKA,2013-04-12,1,1,4922,1,1,1,0,460
ENKA,2013-04-15,29293,27291,4911,4969,35022,4967,-145,11
ENKA,2013-04-16,15385,10614,4909,4961,35002,4953,-027,2
ENKA,2013-04-17,31642,28834,4909,1,34988,1,0,460
ENKA,2013-04-18,44606,43174,4879,4932,34989,4949,-442,33
ENKA,2013-04-19,1885,48501,4885,4937,34997,4957,084,466
ENKA,2013-04-22,1,1,4885,1,1,1,0,460
ENKA,2013-04-23,33079,31420,4921,4973,35016,4948,542,499
ENKA,2013-04-24,43417,42677,4921,1,35018,1,0,460
ENKA,2013-04-25,1,1,4921,1,1,1,0,460
ENKA,2013-04-26,10769,6146,4922,4974,35037,4993,013,461
ENKA,2013-04-29,32823,31778,4922,4974,35036,4994,0,460
ENKA,2013-04-30,45642,46006,4942,4993,35044,4994,342,486
ENKA,2013-05-02,8,48405,4942,1,35060,1,0,460
ENKA,2013-05-03,1,1,4942,1,1,1,0,460
ENKA,2013-05-06,1,1,4942,1,1,1,0,460
ENKA,2013-05-07,27895,25815,4942,1,35026,1,0,460
ENKA,2013-05-08,14738,10471,4942,1,35020,1,0,460
ENKA,2013-05-09,1,1,4942,1,1,1,0,460
ENKA,2013-05-10,1,1,4942,1,1,1,0,460
ENKA,2013-05-14,16424,12381,4905,4957,35021,4978,-547,43
ENKA,2013-05-15,1,1,4905,1,1,1,0,460
ENKA,2013-05-16,1,1,4905,1,1,1,0,460
ENKA,2013-05-17,2220,49407,4902,4954,35012,4975,-04,3
ENKA,2013-05-20,38713,36507,4902,1,34988,1,0,460
ENKA,2013-05-21,1,1,4902,1,1,1,0,460
ENKA,2013-05-22,1,1,4902,1,1,1,0,460
ENKA,2013-05-23,20331,15730,4902,1,34984,1,0,460
ENKA,2013-05-24,1,1,4902,1,1,1,0,460
ENKA,2013-05-27,39918,37486,4902,1,34977,1,0,460
ENKA,2013-05-28,31727,28910,4902,1,34987,1,0,460
ENKA,2013-05-29,13853,8088,4902,1,34980,1,0,460
ENKA,2013-05-30,18294,13142,4902,1,34978,1,0,460
ENKA,2013-05-31,1,1,4902,1,1,1,0,460
ENKA,2013-06-04,1,1,4902,1,1,1,0,460
ENKA,2013-06-05,3589,49795,4902,1,34977,1,0,460
ENKA,2013-06-06,1,1,4902,1,1,1,0,460
ENKA,2013-06-07,5994,52567,4902,1,34977,1,0,460
ENKA,2013-06-11,26884,23153,4902,1,32837,1,0,460
ENKA,2013-06-12,1,1,4902,1,1,1,0,460
ENKA,2013-06-13,1,1,4902,1,1,1,0,460
ENKA,2013-06-14,1,1,4902,1,1,1,0,460
ENKA,2013-06-17,18833,13686,4440,4918,32837,4486,-568,42
ENKA,2013-06-18,19230,13559,4440,1,32819,1,0,460
ENKA,2013-06-19,1,1,4440,1,1,1,0,460
ENKA,2013-06-20,25360,20825,4440,1,32820,1,0,460
ENKA,2013-06-21,18686,12943,4440,1,32819,1,0,460
ENKA,2013-06-24,1,1,4440,1,1,1,0,460
ENKA,2013-06-25,1,1,4440,1,1,1,0,460
ENKA,2013-06-26,1,1,4440,1,1,1,0,460
ENKA,2013-06-27,6437,52403,4429,4490,32818,4475,-186,13
ENKA,2013-06-28,8,44137,4429,1,32789,1,0,460
ENKA,2013-07-02,37748,33363,4395,4458,32786,4441,-555,38
ENKA,2013-07-03,31676,26659,4395,4458,32786,4441,0,460
ENKA,2013-07-04,2470,45514,4395,1,32752,1,0,460
ENKA,2013-07-05,1950,47178,4395,1,32816,1,0,460
ENKA,2013-07-08,1,1,4395,1,1,1,0,460
ENKA,2013-07-09,24141,16973,4395,1,32759,1,0,460
ENKA,2013-07-10,1,1,4395,1,1,1,0,460
ENKA,2013-07-11,24870,17846,4395,1,32759,1,0,460
ENKA,2013-07-12,11568,2316,4395,1,32760,1,0,460
ENKA,2013-07-15,8,44152,4395,1,32789,1,0,460
ENKA,2013-07-16,45477,42523,4419,4480,32802,4465,433,488
ENKA,2013-07-17,18942,11588,4389,4450,32771,4428,-548,37
ENKA,2013-07-18,10614,1435,4398,4460,32766,4423,188,472
ENKA,2013-07-19,1,1,4398,1,1,1,0,460
ENKA,2013-07-22,2675,46283,4398,1,32767,1,0,460
ENKA,2013-07-23,39158,33924,4387,4448,32759,4423,-215,14
ENKA,2013-07-24,6586,50341,4387,1,32756,1,0,460
ENKA,2013-07-25,44343,40143,4385,4446,32772,4433,-031,2
ENKA,2013-07-26,27664,20840,4385,1,32752,1,0,460
ENKA,2013-07-29,8212,52669,4385,1,32769,1,0,460
ENKA,2013-07-30,7124,51036,4385,1,32759,1,0,460
ENKA,2013-12-30,1,1,5272,1,1,1,0,460
ENKA,2014-01-02,24611,24679,5272,1,37050,1,0,460
ENKA,2014-01-03,1,1,5272,1,1,1,0,460
ENKA,2014-01-07,4544,5,5272,1,37016,1,0,460
ENKA,2014-01-08,38755,39727,5272,1,37028,1,0,460
ENKA,2014-01-09,1,1,5272,1,1,1,0,460
ENKA,2014-01-10,39884,41762,5272,5337,37057,5333,0,460
ENKA,2014-01-13,3184,53001,5251,5316,37036,5312,-273,23
ENKA,2014-01-14,36683,38210,5251,1,37055,1,0,460
ENKA,2014-01-15,38894,40109,5251,5316,37036,5312,0,460
ENKA,2014-01-16,1951,52035,5269,5333,37051,5317,232,479
ENKA,2014-01-17,27356,28756,5295,5363,37084,5360,489,501
ENKA,2014-01-20,19070,20222,5553,5642,38826,5375,227,480
ENKA,2014-01-21,24747,27147,5553,1,38840,1,0,460
ENKA,2014-01-22,8471,7841,5561,5642,38839,5626,111,470
ENKA,2014-01-23,12481,13400,5605,5675,38870,5650,538,507
ENKA,2014-01-24,36716,42102,133,142,38913,5671,636,516
ENKA,2014-01-27,26851,31766,131,140,150,134,-196,20
ENKA,2014-01-28,13685,15551,131,137,38895,5673,0,460
ENKA,2014-01-29,1,1,131,1,1,1,0,460
ENKA,2014-01-30,24486,28162,5605,5680,38893,5671,-41,41
ENKA,2014-01-31,22228,25209,5605,1,38878,1,0,460
ENKA,2014-02-03,32247,35238,5605,1,38832,1,0,460
ENKA,2014-02-04,1,1,5605,1,1,1,0,460
ENKA,2014-02-05,1,1,5605,1,1,1,0,460
ENKA,2014-02-06,3694,2963,5605,1,38866,1,0,460
ENKA,2014-02-07,8302,8347,5605,1,38865,1,0,460
ENKA,2014-02-10,3233,1595,5561,5633,38834,5626,-511,49
ENKA,2014-02-11,5898,4537,5554,5632,38828,5620,-088,8
ENKA,2014-02-12,1,1,5554,1,1,1,0,460
ENKA,2014-02-13,1,1,5554,1,1,1,0,460
ENKA,2014-02-14,26833,29208,5554,1,38829,1,0,460
ENKA,2014-02-17,28906,31072,5554,1,37103,1,0,460
ENKA,2014-02-18,1,1,5554,1,1,1,0,460
ENKA,2014-02-19,16419,16608,5308,5375,37105,5373,-078,7
ENKA,2014-02-20,1,1,5308,1,1,1,0,460
ENKA,2014-02-21,8,50230,5308,1,37066,1,0,460
ENKA,2014-02-24,8,50230,5308,1,37066,1,0,460
ENKA,2014-02-25,12259,10711,5308,1,37069,1,0,460
ENKA,2014-02-26,11705,9998,5277,5344,37065,5336,-503,45
ENKA,2014-02-27,19154,18474,5277,1,37054,1,0,460
ENKA,2014-02-28,1,1,5277,1,1,1,0,460
ENKA,2014-03-03,1,1,5277,1,1,1,0,460
ENKA,2014-03-04,1,1,5277,1,1,1,0,460
ENKA,2014-03-05,31650,33000,5277,5343,37065,5336,0,460
ENKA,2014-03-06,1,1,5277,1,1,1,0,460
ENKA,2014-03-07,43460,46443,5279,5370,37088,5338,024,462
ENKA,2014-03-10,1,1,5279,1,1,1,0,460
ENKA,2014-03-11,9994,7908,5278,5345,37066,5337,-012,1
ENKA,2014-03-12,32822,34489,5278,1,37069,1,0,460
ENKA,2014-03-13,36319,39261,5303,5370,37103,5369,458,499
ENKA,2014-03-14,13853,13157,5290,5356,37084,5352,-225,20
ENKA,2014-03-17,13853,13458,5290,1,37095,1,0,460
ENKA,2014-03-18,1553,53302,5553,5624,38825,5618,345,490
ENKA,2014-03-19,29184,32709,5592,5666,38866,5655,5,504
ENKA,2014-03-20,30052,33075,5566,5639,38841,5631,-307,29
ENKA,2014-03-21,42412,45962,5566,1,38824,1,0,460
ENKA,2014-03-25,11129,12088,5589,5681,38877,5656,273,485
ENKA,2014-03-26,12881,13878,5592,5663,38867,5660,043,464
ENKA,2014-03-27,31826,36759,131,137,38915,5698,582,510
ENKA,2014-03-28,1,1,131,1,1,1,0,460
ENKA,2014-03-31,13853,16431,131,137,140,134,0,460
ENKA,2014-04-01,9653,11709,132,139,151,135,1,470
ENKA,2014-04-02,33774,40832,140,244,209,138,792,525
ENKA,2014-04-03,11332,15880,239,247,1260,143,459,508
ENKA,2014-04-04,33830,41947,236,249,1269,240,-263,30
ENKA,2014-04-07,24176,30100,236,1,206,1,0,460
ENKA,2014-04-08,8,1635,236,1,206,1,0,460
ENKA,2014-04-09,1,1,236,1,1,1,0,460
ENKA,2014-04-10,24794,31875,236,246,1263,239,0,460
ENKA,2014-04-11,1,1,236,1,1,1,0,460
ENKA,2014-04-14,39688,48046,235,245,1263,239,-09,10
ENKA,2014-04-15,1,1,235,1,1,1,0,460
ENKA,2014-04-16,13853,18785,235,243,1247,239,0,460
ENKA,2014-04-21,33372,41674,238,246,1279,242,273,490
ENKA,2014-04-22,1,1,238,1,1,1,0,460
ENKA,2014-04-23,43985,52978,238,246,1274,242,0,460
ENKA,2014-04-24,2087,4490,138,146,224,141,-531,57
ENKA,2014-04-25,27530,33767,138,1,206,1,0,460
ENKA,2014-04-28,5324,7112,138,1,178,1,0,460
ENKA,2014-04-29,14101,17995,138,144,193,136,0,460
ENKA,2014-04-30,23293,29972,236,247,1254,239,374,500
ENKA,2014-05-02,22124,28451,236,1,1248,1,0,460
ENKA,2014-05-05,11170,15220,235,243,229,143,-09,10
ENKA,2014-05-06,25957,31964,136,142,200,139,-455,50
ENKA,2014-05-07,35563,42775,139,145,212,142,286,490
ENKA,2014-05-08,610,2590,139,145,218,142,0,460
ENKA,2014-05-09,9521,13027,139,1,217,1,0,460
ENKA,2014-05-12,1,1,139,1,1,1,0,460
ENKA,2014-05-13,17708,23124,140,146,224,143,093,470
ENKA,2014-05-14,43354,51383,140,1,224,1,0,460
ENKA,2014-05-15,43541,51072,137,144,202,140,-275,30
ENKA,2014-05-16,1,1,137,1,1,1,0,460
ENKA,2014-05-19,1,1,137,1,1,1,0,460
ENKA,2014-05-20,1,1,137,1,1,1,0,460
ENKA,2014-05-21,1,1,137,1,1,1,0,460
ENKA,2014-05-22,1,1,137,1,1,1,0,460
ENKA,2014-05-23,19069,23151,133,139,160,136,-377,40
ENKA,2014-05-26,1,1,133,1,1,1,0,460
ENKA,2014-05-27,15828,19302,132,140,161,135,-098,10
ENKA,2014-05-28,43559,49626,131,137,140,134,-099,10
ENKA,2014-05-29,38331,43949,131,137,38916,5698,0,460
ENKA,2014-05-30,5461,6378,131,1,140,1,0,460
ENKA,2014-06-03,1,1,131,1,1,1,0,460
ENKA,2014-06-04,485,502,5636,137,38918,5703,-05,5
ENKA,2014-06-05,23638,27791,5636,1,38918,1,0,460
ENKA,2014-06-06,32822,37882,5636,1,38914,1,0,460
ENKA,2014-06-09,45907,52200,5631,137,38915,5698,-05,5
ENKA,2014-06-10,45109,51421,131,137,140,134,101,470
ENKA,2014-06-11,41203,47002,131,137,140,134,0,460
ENKA,2014-06-12,19201,23503,134,140,169,136,3,490
ENKA,2014-06-13,13816,18316,140,146,217,142,583,515
ENKA,2014-06-16,22454,29339,239,247,1267,239,459,508
ENKA,2014-06-17,32936,40842,140,247,1262,143,-439,50
ENKA,2014-06-18,41896,49843,139,245,227,142,-092,10
ENKA,2014-06-19,34325,42120,235,245,1254,239,185,480
ENKA,2014-06-20,21676,27933,235,243,1247,239,0,460
ENKA,2014-06-24,5499,9035,235,248,1257,143,0,460
ENKA,2014-06-25,1,1,235,1,1,1,0,460
ENKA,2014-06-26,43602,52484,238,246,1272,242,273,490
ENKA,2014-06-27,453,3214,237,245,1262,240,-088,10
ENKA,2014-07-01,27044,33964,235,244,1249,239,-179,20
ENKA,2014-07-02,34956,42962,239,247,1257,239,364,500
ENKA,2014-07-03,44888,53378,235,246,1249,143,-351,40
ENKA,2014-07-04,1,1,235,1,1,1,0,460
ENKA,2014-07-07,19033,24866,235,245,1248,239,0,460
ENKA,2014-07-08,45775,661,235,1,1255,1,0,460
ENKA,2014-07-09,30476,37464,138,245,227,141,-273,30
ENKA,2014-07-10,34700,41813,139,145,212,142,093,470
ENKA,2014-07-11,46323,917,139,1,228,1,0,460
ENKA,2014-07-14,1,1,139,1,1,1,0,460
ENKA,2014-07-15,3835,6814,236,244,1250,239,278,490
ENKA,2014-07-16,1817,4377,236,1,1247,1,0,460
ENKA,2014-07-17,34867,43393,240,248,1282,241,36,500
ENKA,2014-07-18,9207,13636,240,1,1272,1,0,460
ENKA,2014-07-21,11880,17248,240,248,1287,243,0,460
ENKA,2014-07-22,13169,19920,337,351,1324,247,435,508
ENKA,2014-07-23,82,3613,243,251,1297,244,-167,20
ENKA,2014-07-24,7536,12666,243,251,1307,245,0,460
ENKA,2014-07-25,44305,735,337,351,1329,248,169,480
ENKA,2014-07-28,13754,20922,244,352,2883,248,-083,10
ENKA,2014-07-29,42005,52265,342,356,2886,247,504,515
ENKA,2014-07-30,14352,22434,339,356,2918,351,-24,30
ENKA,2014-07-31,24356,32974,242,354,2880,246,-41,50
ENKA,2014-08-01,40596,50011,242,250,1305,246,0,460
ENKA,2014-08-04,36684,46031,243,251,1312,247,085,470
ENKA,2014-08-05,1,1,243,1,1,1,0,460
ENKA,2014-08-06,29216,37961,243,351,1318,247,0,460
ENKA,2014-08-08,1,1,243,1,1,1,0,460
ENKA,2014-08-11,39967,49573,243,251,1312,247,0,460
ENKA,2014-08-12,13141,19931,339,353,1326,247,339,500
ENKA,2014-08-13,182,5020,341,355,2903,351,164,480
ENKA,2014-08-14,6123,11966,341,1,2897,1,0,460
ENKA,2014-08-15,43408,87,341,1,2898,1,0,460
ENKA,2014-08-19,30559,40778,344,358,2923,352,242,490
ENKA,2014-08-20,39267,50365,346,360,2935,355,157,480
ENKA,2014-08-21,37608,49676,448,461,4755,358,543,521
ENKA,2014-08-22,24497,35823,445,462,4776,456,-221,30
ENKA,2014-08-25,13988,23446,444,460,4752,456,-075,10
ENKA,2014-08-26,12466,21170,442,456,4738,454,-152,20
ENKA,2014-08-27,41862,53935,345,457,4735,357,-154,20
ENKA,2014-08-28,40426,51951,345,359,2948,357,0,460
ENKA,2014-08-29,9629,17512,345,1,4732,1,0,460
ENKA,2014-09-01,11668,19968,345,1,2958,1,0,460
ENKA,2014-09-02,27803,39010,445,458,4753,457,391,508
ENKA,2014-09-03,30771,42927,448,462,4782,458,226,490
ENKA,2014-09-04,28847,41446,543,560,6164,462,294,500
ENKA,2014-09-05,11978,22138,449,558,4805,461,-214,30
ENKA,2014-09-08,5325,13644,447,463,4787,459,-146,20
ENKA,2014-09-09,37072,49510,447,460,4773,459,0,460
ENKA,2014-09-10,6626,14679,446,459,4766,458,-074,10
ENKA,2014-09-11,1,1,446,1,1,1,0,460
ENKA,2014-09-12,38414,51131,447,464,4781,459,075,470
ENKA,2014-09-15,31017,42741,445,458,4761,457,-148,20
ENKA,2014-09-16,8181,16323,445,459,4756,456,0,460
ENKA,2014-09-17,13853,23302,445,1,4751,1,0,460
ENKA,2014-09-18,32823,44479,444,457,4748,456,-075,10
ENKA,2014-09-19,6556,14045,444,1,4740,1,0,460
ENKA,2014-09-22,1,1,444,1,1,1,0,460
ENKA,2014-09-23,38133,50302,444,1,4757,1,0,460
ENKA,2014-09-24,36824,48691,444,457,4748,456,0,460
ENKA,2014-09-25,3931,10448,343,360,2945,355,-455,57
ENKA,2014-09-26,47203,5598,343,1,2945,1,0,460
ENKA,2014-09-29,23846,33745,344,358,2942,356,079,470
ENKA,2014-09-30,39768,51278,346,360,2950,357,157,480
ENKA,2014-10-01,44294,2486,346,1,2954,1,0,460
ENKA,2014-10-02,40648,51873,346,360,2934,352,0,460
ENKA,2014-10-03,27861,37641,342,356,2922,354,-31,40
ENKA,2014-10-06,1,1,342,1,1,1,0,460
ENKA,2014-10-07,39169,49960,342,356,2921,354,0,460
ENKA,2014-10-08,6774,12543,338,354,2889,349,-32,40
ENKA,2014-10-09,1,1,338,1,1,1,0,460
ENKA,2014-10-10,43564,210,338,353,2895,350,0,460
ENKA,2014-10-14,2743,7466,244,352,2879,248,-165,20
ENKA,2014-10-15,26802,35557,337,351,1326,248,084,470
ENKA,2014-10-16,36168,46044,338,352,2886,350,083,470
ENKA,2014-10-17,1,1,338,1,1,1,0,460
ENKA,2014-10-20,40126,50298,338,352,2888,350,0,460
ENKA,2014-10-21,5324,10803,338,352,2888,350,0,460
ENKA,2014-10-22,44432,1884,342,358,2921,354,331,500
ENKA,2014-10-23,37168,48345,345,359,2947,357,24,490
ENKA,2014-10-24,27587,38194,442,455,2959,454,156,480
ENKA,2014-10-27,44063,2372,442,455,2961,454,0,460
ENKA,2014-10-28,45982,4618,442,455,4732,454,0,460
ENKA,2014-10-29,24937,35440,442,455,4733,454,0,460
ENKA,2014-10-30,16840,25975,346,360,2954,358,-077,10
ENKA,2014-10-31,12895,20724,344,359,2923,352,-155,20
ENKA,2014-11-04,34824,45662,344,358,2935,356,0,460
ENKA,2014-11-05,24308,33322,339,353,2901,351,-394,50
ENKA,2014-11-06,30531,39937,339,353,2885,351,0,460
ENKA,2014-11-07,10718,17300,339,353,2898,351,0,460
ENKA,2014-11-10,35200,44879,339,1,2879,1,0,460
ENKA,2014-11-11,19376,27443,338,352,2885,350,-082,10
ENKA,2014-11-12,1131,5676,338,352,2881,349,0,460
ENKA,2014-11-13,43137,53323,337,351,2879,349,-083,10
ENKA,2014-11-14,28711,38253,340,354,2906,352,25,490
ENKA,2014-11-18,1,1,340,1,1,1,0,460
ENKA,2014-11-19,1,1,340,1,1,1,0,460
ENKA,2014-11-20,41684,51789,337,351,2879,349,-244,30
ENKA,2014-11-21,1,1,337,1,1,1,0,460
ENKA,2014-11-24,1,1,337,1,1,1,0,460
ENKA,2014-11-25,38083,47683,244,252,1323,248,-083,10
ENKA,2014-11-26,39043,48823,244,1,1325,1,0,460
ENKA,2014-11-27,44461,699,244,351,1319,247,0,460
ENKA,2014-11-28,34267,43548,243,251,1313,247,-084,10
ENKA,2014-12-01,5456,10369,243,251,1311,247,0,460
ENKA,2014-12-02,27150,35439,243,251,1306,247,0,460
ENKA,2014-12-03,42113,51852,243,1,1312,1,0,460
ENKA,2014-12-04,5684,10632,243,1,1312,1,0,460
ENKA,2014-12-05,15050,22277,337,351,1329,349,169,480
ENKA,2014-12-09,1,1,337,1,1,1,0,460
ENKA,2014-12-10,42963,52752,243,251,1312,247,-167,20
ENKA,2014-12-11,1,1,243,1,1,1,0,460
ENKA,2014-12-12,39973,48550,243,1,1273,1,0,460
ENKA,2014-12-15,35012,43143,243,1,1263,1,0,460
ENKA,2014-12-16,1,1,243,1,1,1,0,460
ENKA,2014-12-17,2502,7034,244,252,1322,248,085,470
ENKA,2014-12-18,13613,20475,338,352,1322,247,168,480
ENKA,2014-12-19,37715,48192,342,356,2912,354,331,500
ENKA,2014-12-22,32108,42414,342,356,2922,354,0,460
ENKA,2014-12-23,5436,12027,345,359,2934,354,24,490
ENKA,2014-12-24,43586,1252,343,359,2940,355,-156,20
ENKA,2014-12-26,44468,2126,343,357,2930,355,0,460
ENKA,2014-12-29,18687,27623,343,357,2930,355,0,460
ENKA,2014-12-30,6662,12595,343,1,2898,1,0,460
ENKA,2015-01-02,1,1,343,1,1,1,0,460
ENKA,2015-01-05,1,1,343,1,1,1,0,460
ENKA,2015-01-06,31850,41229,343,1,2879,1,0,460
ENKA,2015-01-07,7,4329,343,1,2879,1,0,460
ENKA,2015-01-08,1,1,343,1,1,1,0,460
ENKA,2015-01-09,1,1,343,1,1,1,0,460
ENKA,2015-01-13,1,1,343,1,1,1,0,460
ENKA,2015-01-14,36309,46468,342,356,2902,349,-079,10
ENKA,2015-01-15,43537,204,342,356,2896,349,0,460
ENKA,2015-01-16,1,1,342,1,1,1,0,460
ENKA,2015-01-19,46886,3825,337,351,2879,349,-4,50
ENKA,2015-01-20,1,1,337,1,1,1,0,460
ENKA,2015-01-21,31294,40623,337,351,2879,349,0,460
ENKA,2015-01-22,18628,26880,342,356,2903,354,417,508
ENKA,2015-01-23,40251,51536,342,1,2939,1,0,460
ENKA,2015-01-26,1,1,342,1,1,1,0,460
ENKA,2015-01-27,12069,18601,337,351,2879,349,-4,50
ENKA,2015-01-28,35174,44713,243,351,1324,247,-167,20
ENKA,2015-01-29,1,1,243,1,1,1,0,460
ENKA,2015-01-30,1,1,243,1,1,1,0,460
ENKA,2015-02-02,28508,37427,337,351,2879,247,169,480
ENKA,2015-02-03,20059,28315,337,1,2890,1,0,460
ENKA,2015-02-04,22415,30957,337,351,2883,349,0,460
ENKA,2015-02-05,43394,465,337,1,2913,1,0,460
ENKA,2015-02-06,1,1,337,1,1,1,0,460
ENKA,2015-02-09,1,1,337,1,1,1,0,460
ENKA,2015-02-10,21932,30262,337,351,1328,349,0,460
ENKA,2015-02-11,32344,42542,342,356,2914,352,417,508
ENKA,2015-02-12,8,4330,342,1,2879,1,0,460
ENKA,2015-02-13,14154,21269,337,351,2879,349,-4,50
ENKA,2015-02-16,37199,46563,337,1,1314,1,0,460
ENKA,2015-02-17,43027,53195,337,351,1329,349,0,460
ENKA,2015-02-18,11614,17147,337,1,1298,1,0,460
ENKA,2015-02-19,36683,46396,337,1,2879,1,0,460
ENKA,2015-02-20,24672,33275,337,1,2879,1,0,460
ENKA,2015-02-23,41460,51541,337,351,2879,349,0,460
ENKA,2015-02-24,2402,7133,337,351,2879,349,0,460
ENKA,2015-02-25,1,1,337,1,1,1,0,460
ENKA,2015-02-26,8,4132,337,1,1322,1,0,460
ENKA,2015-02-27,1,1,337,1,1,1,0,460
ENKA,2015-03-02,28174,37069,337,1,2879,1,0,460
ENKA,2015-03-03,33744,43368,337,351,2879,349,0,460
ENKA,2015-03-04,36042,44821,337,1,1290,1,0,460
ENKA,2015-03-05,47300,3286,337,1,1290,1,0,460
ENKA,2015-03-06,32823,42282,337,351,2879,349,0,460
ENKA,2015-03-09,24896,32571,240,248,1290,244,-417,50
ENKA,2015-03-10,37466,45935,244,252,1278,240,348,500
ENKA,2015-03-11,1,1,244,1,1,1,0,460
ENKA,2015-03-12,11841,17900,243,251,1312,247,-084,10
ENKA,2015-03-13,29682,38198,242,250,1305,246,-085,10
ENKA,2015-03-16,9,3339,240,248,1290,244,-171,20
ENKA,2015-03-17,6433,10985,240,250,1293,244,0,460
ENKA,2015-03-18,25934,33513,240,1,1282,1,0,460
ENKA,2015-03-19,9,3339,240,248,1290,244,0,460
ENKA,2015-03-20,1,1,240,1,1,1,0,460
ENKA,2015-03-24,36993,45928,241,249,1298,245,087,470
ENKA,2015-03-25,28174,36290,241,249,1298,245,0,460
ENKA,2015-03-26,8042,12993,241,249,1298,245,0,460
ENKA,2015-03-27,14779,21172,241,1,1298,1,0,460
ENKA,2015-03-30,1,1,241,1,1,1,0,460
